role_key,Academic Communication Skills,Advanced Database Design & Management,Computer Systems & Networking,Data Engineering & BI Analytics,Database Administration & Storage,Database Design & Administration,Employability & Workplace Readiness,Full-Stack Web Application Development,IT Project Management & Execution,Information Retrieval & Web Analytics,Information Security Analytics,Information Systems & Database Design,Java & Object-Oriented Application Development,Machine Learning & Optimization,Mathematics & Logical Thinking,Mobile Application Design & Development,Networking & Protocol Management,Object-Oriented Design & Programming,Operating Systems & System Administration,Problem Solving & Algorithm Development,Professionalism & Workplace Readiness,Programming Fundamentals & C Language,Software Development & Engineering Practices,Software Development Processes,Statistical Analysis & Data Interpretation,Statistical Modeling & Data Analysis,Web Development & Internet Technologies
ai_ml_engineer,0.0,0.0,0.0,0.05405405405405406,0.0,0.1891891891891892,0.0,0.13513513513513514,0.0,0.0,0.0,0.0,0.0,0.3783783783783784,0.0,0.0,0.24324324324324326,0.1891891891891892,0.4864864864864865,0.0,0.0,0.8648648648648649,0.16216216216216217,0.16216216216216217,0.0,0.0,0.10810810810810811
data_analyst,0.0,0.0,0.0,0.6216216216216216,0.0,0.7297297297297297,0.0,0.0,0.0,0.0,0.0,0.0,0.0,0.16216216216216217,0.0,0.0,0.0,0.0,0.08108108108108109,0.0,0.0,0.5405405405405406,0.0,0.05405405405405406,0.0,0.0,0.02702702702702703
data_engineer,0.0,0.0,0.0,0.6060606060606061,0.0,0.7575757575757576,0.0,0.0,0.0,0.0,0.0,0.0,0.0,0.18181818181818182,0.0,0.0,0.15151515151515152,0.24242424242424243,0.5151515151515151,0.0,0.0,0.7575757575757576,0.30303030303030304,0.30303030303030304,0.0,0.0,0.06060606060606061
devops_engineer,0.0,0.0,0.0,0.027777777777777776,0.0,0.027777777777777776,0.0,0.027777777777777776,0.0,0.0,0.0,0.0,0.0,0.0,0.0,0.0,0.6944444444444444,0.16666666666666666,0.7222222222222222,0.0,0.027777777777777776,0.6944444444444444,0.3888888888888889,0.7222222222222222,0.0,0.0,0.05555555555555555
software_engineer,0.0,0.0,0.0,0.1,0.0,0.25,0.0,0.375,0.0,0.0,0.0,0.0,0.0,0.0,0.0,0.0,0.15,0.325,0.375,0.0,0.0,0.475,0.2,0.225,0.0,0.0,0.6
web_developer,0.0,0.0,0.0,0.0,0.0,0.0,0.0,0.5454545454545454,0.0,0.0,0.0,0.0,0.0,0.0,0.0,0.0,0.0,0.2727272727272727,0.2727272727272727,0.0,0.0,0.09090909090909091,0.36363636363636365,0.09090909090909091,0.0,0.0,0.8181818181818182
